NUMBER,MAG_APER,MAGERR_APER,MAG_AUTO,MAGERR_AUTO,MAG_BEST,MAGERR_BEST,KRON_RADIUS,BACKGROUND,THRESHOLD,ISOAREA_IMAGE,ISOAREAF_IMAGE,ALPHAPEAK_J2000,DELTAPEAK_J2000,X_IMAGE,Y_IMAGE,FWHM_IMAGE,FWHM_WORLD,ELONGATION,ELLIPTICITY,CLASS_STAR,FLUX_RADIUS,FILE_NAME,CLASS_OBJECT
4233,-12.3224,0.0044,-12.9492,0.0068,-12.9492,0.0068,3.77,4619.243,147.3241,128,159,148.88422,69.2095264,1938.27,1905.251,4.49,0.000233427,1.363,0.266,0.98,2.26,dataset\i23.cat,gc
4567,-14.5028,0.0012,-14.9923,0.0012,-14.9923,0.0012,3.5,4353.484,147.3241,245,260,148.9236646,69.2614909,1667.513,2906.268,3.36,0.0001744731,1.029,0.028,1.0,1.988,dataset\i23.cat,gc
2013,-13.3931,0.0022,-13.8446,0.0027,-13.8446,0.0027,3.5,4977.307,147.3241,149,178,148.9976697,69.1411686,1162.896,589.012,3.31,0.0001719794,1.195,0.163,0.98,1.946,dataset\i23.cat,gc
1536,-12.9269,0.0029,-14.2351,0.0034,-14.2351,0.0034,3.5,4790.527,147.3241,426,483,149.0573158,69.1339956,753.924,450.614,5.18,0.0002691562,1.092,0.084,0.03,3.877,dataset\i23.cat,gc
4066,-12.1244,0.0051,-12.5755,0.0071,-12.5755,0.0071,3.5,4260.293,147.3241,83,88,149.1134648,69.1981169,371.522,1686.02,3.33,0.0001728594,1.018,0.018,0.98,1.946,dataset\i23.cat,gc
4341,-13.1355,0.0026,-13.6169,0.0033,-13.6169,0.0033,3.5,4418.598,147.3241,133,144,148.9187065,69.2205597,1702.353,2118.007,3.28,0.0001704523,1.053,0.05,0.98,1.981,dataset\i23.cat,gc
2890,-12.7203,0.0034,-13.2439,0.0046,-13.2439,0.0046,3.51,4914.69,147.3241,127,171,148.9586798,69.1586127,1429.666,924.45,3.39,0.0001761488,1.23,0.187,0.98,2.04,dataset\i23.cat,gc
4431,-14.0473,0.0015,-14.4368,0.0016,-14.4368,0.0016,3.5,4422.742,147.3241,105,109,148.8767593,69.2327379,1988.467,2352.511,3.27,0.0001699531,1.028,0.027,1.0,1.839,dataset\i23.cat,gc
3980,-12.5782,0.0037,-13.1251,0.0052,-13.1571,0.0062,3.5,4710.103,147.3241,136,147,148.8920561,69.194885,1885.284,1623.863,3.36,0.0001747911,1.207,0.171,0.98,2.084,dataset\i23.cat,gc
2828,-14.204,0.0014,-14.6889,0.0015,-14.6889,0.0015,3.5,4281.188,147.3241,216,233,149.1266969,69.1558817,279.291,872.519,3.36,0.0001743722,1.024,0.024,0.98,1.967,dataset\i23.cat,gc
3946,-12.5473,0.0038,-13.0525,0.0053,-13.0525,0.0053,3.5,4715.703,147.3241,123,134,148.9188221,69.1935511,1701.984,1597.714,3.35,0.0001737952,1.09,0.083,0.98,2.028,dataset\i23.cat,gc
1874,-12.9023,0.003,-13.7045,0.0062,-13.7045,0.0062,3.51,4968.677,147.3241,361,424,149.0072968,69.1430909,1096.747,625.982,3.55,0.000184656,2.404,0.584,0.84,2.647,dataset\i23.cat,gc
2336,-12.2672,0.0046,-12.7161,0.0063,-12.7161,0.0063,3.5,4295.465,147.3241,87,104,149.1297066,69.1455956,258.415,674.521,3.31,0.0001720868,1.04,0.038,0.98,1.927,dataset\i23.cat,gc
4830,-13.5604,0.002,-14.0335,0.0024,-14.0335,0.0024,3.5,4385.847,147.3241,155,168,148.9709397,69.3159416,1344.052,3953.525,3.32,0.0001722564,1.009,0.009,0.98,1.968,dataset\i23.cat,gc
4144,-12.5041,0.0039,-13.007,0.0061,-13.007,0.0061,3.72,4560.634,147.3241,121,185,148.9171642,69.204925,1712.378,1817.465,3.52,0.0001826979,1.437,0.304,0.98,2.01,dataset\i23.cat,gc
4525,-13.1492,0.0025,-13.6161,0.0032,-13.6161,0.0032,3.5,4312.333,147.3241,128,141,149.0122592,69.2516967,1062.998,2716.355,3.33,0.0001730123,1.039,0.037,0.98,1.967,dataset\i23.cat,gc
4691,-13.5549,0.002,-14.0239,0.0023,-14.0239,0.0023,3.5,4368.625,147.3241,152,157,148.9513178,69.2863301,1478.062,3383.765,3.32,0.0001726347,1.039,0.037,0.98,1.977,dataset\i23.cat,gc
856,-14.2809,0.0013,-14.9135,0.0014,-14.9135,0.0014,3.5,5420.483,147.3241,296,328,148.983544,69.1228843,1260.386,237.28,3.8,0.0001973224,1.068,0.064,0.98,2.27,dataset\i23.cat,gc
2849,-15.17,0.0008,-15.9885,0.0007,-16.0268,0.0009,3.5,4637.379,147.3241,550,613,149.0328413,69.1585157,922.209,923.054,5.15,0.0002677221,1.023,0.022,1.0,2.604,dataset\i23.cat,gc
4558,-12.8537,0.0031,-13.3413,0.004,-13.3413,0.004,3.5,4327.989,147.3241,118,126,148.9927527,69.2594347,1195.993,2866.224,3.47,0.0001804714,1.047,0.045,0.98,2.015,dataset\i23.cat,gc
4489,-13.941,0.0016,-14.4195,0.0018,-14.4195,0.0018,3.5,4291.588,147.3241,189,202,149.0472853,69.2427594,824.21,2544.651,3.32,0.0001723475,1.031,0.03,0.98,1.981,dataset\i23.cat,gc
3341,-12.5522,0.0038,-13.1224,0.0053,-13.1224,0.0053,3.5,4821.26,147.3241,137,147,148.9769124,69.1684858,1305.958,1114.861,3.85,0.00019985,1.268,0.212,0.98,2.161,dataset\i23.cat,gc
3932,-12.5129,0.0039,-12.9254,0.0052,-12.9254,0.0052,3.5,4730.792,147.3241,81,90,148.9185341,69.1925121,1704.468,1577.934,3.31,0.0001717417,1.085,0.078,0.98,1.89,dataset\i23.cat,gc
4426,-12.8327,0.0031,-13.3109,0.0041,-13.3109,0.0041,3.5,4325.839,147.3241,118,128,148.9672886,69.2322655,1370.442,2342.445,3.35,0.0001739193,1.033,0.032,0.98,1.967,dataset\i23.cat,gc
4749,-14.2614,0.0013,-14.7488,0.0014,-14.7488,0.0014,3.5,4344.275,147.3241,211,229,149.1312803,69.299596,253.116,3639.643,3.36,0.0001747873,1.016,0.016,0.98,1.984,dataset\i23.cat,gc
4223,-11.6666,0.0073,-12.1216,0.0102,-12.1216,0.0102,3.5,4282.562,147.3241,68,72,149.0563011,69.2084251,762.363,1883.619,3.31,0.0001718871,1.029,0.028,0.97,1.929,dataset\i23.cat,gc
3885,-13.7142,0.0018,-14.1917,0.0021,-14.1917,0.0021,3.5,4343.24,147.3241,174,188,149.0283405,69.1911861,953.504,1551.827,3.32,0.0001723545,1.043,0.041,0.98,1.963,dataset\i23.cat,gc
4899,-13.7491,0.0018,-14.2114,0.002,-14.2114,0.002,3.5,4384.054,147.3241,168,178,148.9106805,69.3407443,1752.987,4431.878,3.27,0.000169764,1.017,0.017,0.98,1.966,dataset\i23.cat,gc
